State,Year,LawName,Switching,Homicides_-16,Homicides_-15,Homicides_-14,Homicides_-13,Homicides_-12,Homicides_-11,Homicides_-10,Homicides_-9,Homicides_-8,Homicides_-7,Homicides_-6,Homicides_-5,Homicides_-4,Homicides_-3,Homicides_-2,Homicides_-1,Current_Homicides,Y
AK,2003,ccbackground,removal,,,,,,,,,,,,,26,15,19,22,23,20
AK,2003,ccrevoke,removal,,,,,,,,,,,,,26,15,19,22,23,20
AK,2003,permitconcealed,removal,,,,,,,,,,,,,26,15,19,22,23,20
AK,2013,nosyg,removal,,,26,15,19,22,23,20,23,27,22,17,20,24,20,21,18,22
AL,2000,immunity,removal,,,,,,,,,,,,,,,,12,151,224
AL,2000,preemptionbroad,removal,,,,,,,,,,,,,,,,12,151,224
AL,2000,recordsallh,removal,,,,,,,,,,,,,,,,12,151,224
AL,2000,reportallh,removal,,,,,,,,,,,,,,,,12,151,224
AL,2000,waitingh,removal,,,,,,,,,,,,,,,,12,151,224
AL,2006,ccbackground,implemented,,,,,,,,,,12,151,224,187,209,162,219,248,284
AL,2006,nosyg,removal,,,,,,,,,,12,151,224,187,209,162,219,248,284
AL,2012,stalking,removal,,,,12,151,224,187,209,162,219,248,284,265,229,123,173,181,152
AL,2013,ccbackgroundnics,implemented,,,12,151,224,187,209,162,219,248,284,265,229,123,173,181,152,219
AL,2013,ccrenewbackground,implemented,,,12,151,224,187,209,162,219,248,284,265,229,123,173,181,152,219
AL,2013,mayissue,removal,,,12,151,224,187,209,162,219,248,284,265,229,123,173,181,152,219
AL,2013,showing,removal,,,12,151,224,187,209,162,219,248,284,265,229,123,173,181,152,219
AL,2015,danger,implemented,12,151,224,187,209,162,219,248,284,265,229,123,173,181,152,219,236,292
AL,2015,dvro,implemented,12,151,224,187,209,162,219,248,284,265,229,123,173,181,152,219,236,292
AL,2015,invcommitment,implemented,12,151,224,187,209,162,219,248,284,265,229,123,173,181,152,219,236,292
AL,2015,mcdv,implemented,12,151,224,187,209,162,219,248,284,265,229,123,173,181,152,219,236,292
AL,2015,purge,removal,12,151,224,187,209,162,219,248,284,265,229,123,173,181,152,219,236,292
AL,2015,recordsdealerh,removal,12,151,224,187,209,162,219,248,284,265,229,123,173,181,152,219,236,292
AL,2015,reportdealerh,removal,12,151,224,187,209,162,219,248,284,265,229,123,173,181,152,219,236,292
AL,2015,security,removal,12,151,224,187,209,162,219,248,284,265,229,123,173,181,152,219,236,292
AR,2013,collegeconcealed,removal,,,94,112,90,110,104,96,119,134,118,104,99,96,107,111,103,99
AR,2013,stalking,removal,,,94,112,90,110,104,96,119,134,118,104,99,96,107,111,103,99
AZ,2000,mcdv,implemented,,,,,,,,,,,,,,,,268,259,306
AZ,2000,mcdvdating,implemented,,,,,,,,,,,,,,,,268,259,306
AZ,2010,ccbackground,removal,,,,,,268,259,306,323,314,320,332,350,337,310,217,255,234
AZ,2010,ccrenewbackground,removal,,,,,,268,259,306,323,314,320,332,350,337,310,217,255,234
AZ,2010,ccrevoke,removal,,,,,,268,259,306,323,314,320,332,350,337,310,217,255,234
AZ,2010,nosyg,removal,,,,,,268,259,306,323,314,320,332,350,337,310,217,255,234
AZ,2010,permitconcealed,removal,,,,,,268,259,306,323,314,320,332,350,337,310,217,255,234
CA,2000,dvro,implemented,,,,,,,,,,,,,,,,1352,1507,1605
CA,2000,dvrodating,implemented,,,,,,,,,,,,,,,,1352,1507,1605
CA,2000,dvrosurrender,implemented,,,,,,,,,,,,,,,,1352,1507,1605
CA,2000,dvrosurrenderdating,implemented,,,,,,,,,,,,,,,,1352,1507,1605
CA,2000,dvrosurrendernoconditions,implemented,,,,,,,,,,,,,,,,1352,1507,1605
CA,2000,exparte,implemented,,,,,,,,,,,,,,,,1352,1507,1605
CA,2000,expartedating,implemented,,,,,,,,,,,,,,,,1352,1507,1605
CA,2000,expartesurrender,implemented,,,,,,,,,,,,,,,,1352,1507,1605
CA,2000,expartesurrenderdating,implemented,,,,,,,,,,,,,,,,1352,1507,1605
CA,2000,expartesurrendernoconditions,implemented,,,,,,,,,,,,,,,,1352,1507,1605
CA,2000,incidentremoval,implemented,,,,,,,,,,,,,,,,1352,1507,1605
CA,2000,magazine,implemented,,,,,,,,,,,,,,,,1352,1507,1605
CA,2000,onefeature,implemented,,,,,,,,,,,,,,,,1352,1507,1605
CA,2000,tenroundlimit,implemented,,,,,,,,,,,,,,,,1352,1507,1605
CA,2001,junkgun,implemented,,,,,,,,,,,,,,,1352,1507,1605,1761
CA,2002,immunity,implemented,,,,,,,,,,,,,,1352,1507,1605,1761,1794
CA,2002,lockd,implemented,,,,,,,,,,,,,,1352,1507,1605,1761,1794
CA,2002,lockp,implemented,,,,,,,,,,,,,,1352,1507,1605,1761,1794
CA,2002,lockstandards,implemented,,,,,,,,,,,,,,1352,1507,1605,1761,1794
CA,2002,mcdvsurrender,implemented,,,,,,,,,,,,,,1352,1507,1605,1761,1794
CA,2002,mcdvsurrenderdating,implemented,,,,,,,,,,,,,,1352,1507,1605,1761,1794
CA,2002,mcdvsurrendernoconditions,implemented,,,,,,,,,,,,,,1352,1507,1605,1761,1794
CA,2011,ammrecords,implemented,,,,,1352,1507,1605,1761,1794,1788,1881,1874,1678,1518,1407,1303,1260,1367
CA,2012,fingerprint,implemented,,,,1352,1507,1605,1761,1794,1788,1881,1874,1678,1518,1407,1303,1260,1367,1307
CA,2013,capaccess,implemented,,,1352,1507,1605,1761,1794,1788,1881,1874,1678,1518,1407,1303,1260,1367,1307,1263
CA,2013,capliability,implemented,,,1352,1507,1605,1761,1794,1788,1881,1874,1678,1518,1407,1303,1260,1367,1307,1263
CA,2013,dvroremoval,implemented,,,1352,1507,1605,1761,1794,1788,1881,1874,1678,1518,1407,1303,1260,1367,1307,1263
CA,2013,microstamp,implemented,,,1352,1507,1605,1761,1794,1788,1881,1874,1678,1518,1407,1303,1260,1367,1307,1263
CA,2014,defactoreg,implemented,,1352,1507,1605,1761,1794,1788,1881,1874,1678,1518,1407,1303,1260,1367,1307,1263,1366
CA,2015,collegeconcealed,implemented,1352,1507,1605,1761,1794,1788,1881,1874,1678,1518,1407,1303,1260,1367,1307,1263,1366,1425
CA,2015,permit,implemented,1352,1507,1605,1761,1794,1788,1881,1874,1678,1518,1407,1303,1260,1367,1307,1263,1366,1425
CO,2000,immunity,removal,,,,,,,,,,,,,,,,100,66,78
CO,2000,traffickingprohibited,implemented,,,,,,,,,,,,,,,,100,66,78
CO,2000,traffickingprohibitedh,implemented,,,,,,,,,,,,,,,,100,66,78
CO,2001,gunshow,implemented,,,,,,,,,,,,,,,100,66,78,100
CO,2001,gunshowh,implemented,,,,,,,,,,,,,,,100,66,78,100
CO,2001,statechecks,implemented,,,,,,,,,,,,,,,100,66,78,100
CO,2001,statechecksh,implemented,,,,,,,,,,,,,,,100,66,78,100
CO,2003,ccbackground,implemented,,,,,,,,,,,,,100,66,78,100,111,128
CO,2003,ccbackgroundnics,implemented,,,,,,,,,,,,,100,66,78,100,111,128
CO,2003,ccrenewbackground,implemented,,,,,,,,,,,,,100,66,78,100,111,128
CO,2003,ccrevoke,implemented,,,,,,,,,,,,,100,66,78,100,111,128
CO,2003,elementary,implemented,,,,,,,,,,,,,100,66,78,100,111,128
CO,2003,mayissue,removal,,,,,,,,,,,,,100,66,78,100,111,128
CO,2003,preemption,removal,,,,,,,,,,,,,100,66,78,100,111,128
CO,2003,preemptionbroad,removal,,,,,,,,,,,,,100,66,78,100,111,128
CO,2003,preemptionnarrow,removal,,,,,,,,,,,,,100,66,78,100,111,128
CO,2013,backgroundpurge,implemented,,,100,66,78,100,111,128,108,99,91,83,88,80,77,83,88,97
CO,2013,dvro,implemented,,,100,66,78,100,111,128,108,99,91,83,88,80,77,83,88,97
CO,2013,dvrosurrender,implemented,,,100,66,78,100,111,128,108,99,91,83,88,80,77,83,88,97
CO,2013,dvrosurrendernoconditions,implemented,,,100,66,78,100,111,128,108,99,91,83,88,80,77,83,88,97
CO,2013,magazine,implemented,,,100,66,78,100,111,128,108,99,91,83,88,80,77,83,88,97
CO,2013,mcdv,implemented,,,100,66,78,100,111,128,108,99,91,83,88,80,77,83,88,97
CO,2013,mcdvsurrender,implemented,,,100,66,78,100,111,128,108,99,91,83,88,80,77,83,88,97
CO,2013,mcdvsurrendernoconditions,implemented,,,100,66,78,100,111,128,108,99,91,83,88,80,77,83,88,97
CO,2013,recordsallh,implemented,,,100,66,78,100,111,128,108,99,91,83,88,80,77,83,88,97
CO,2013,universal,implemented,,,100,66,78,100,111,128,108,99,91,83,88,80,77,83,88,97
CO,2013,universalh,implemented,,,100,66,78,100,111,128,108,99,91,83,88,80,77,83,88,97
CO,2013,universalpermit,implemented,,,100,66,78,100,111,128,108,99,91,83,88,80,77,83,88,97
CO,2013,universalpermith,implemented,,,100,66,78,100,111,128,108,99,91,83,88,80,77,83,88,97
CT,2002,relinquishment,implemented,,,,,,,,,,,,,,77,59,78,51,46
CT,2004,danger,implemented,,,,,,,,,,,,77,59,78,51,46,54,56
CT,2005,invoutpatient,implemented,,,,,,,,,,,77,59,78,51,46,54,56,65
CT,2007,loststolen,implemented,,,,,,,,,77,59,78,51,46,54,56,65,62,77
CT,2013,age18longgunpossess,implemented,,,77,59,78,51,46,54,56,65,62,77,67,85,90,84,59,55
CT,2013,age18longgunsale,implemented,,,77,59,78,51,46,54,56,65,62,77,67,85,90,84,59,55
CT,2013,amm18,implemented,,,77,59,78,51,46,54,56,65,62,77,67,85,90,84,59,55
CT,2013,amm21h,implemented,,,77,59,78,51,46,54,56,65,62,77,67,85,90,84,59,55
CT,2013,ammbackground,implemented,,,77,59,78,51,46,54,56,65,62,77,67,85,90,84,59,55
CT,2013,ammpermit,implemented,,,77,59,78,51,46,54,56,65,62,77,67,85,90,84,59,55
CT,2013,ammrestrict,implemented,,,77,59,78,51,46,54,56,65,62,77,67,85,90,84,59,55
CT,2013,magazine,implemented,,,77,59,78,51,46,54,56,65,62,77,67,85,90,84,59,55
CT,2013,onefeature,implemented,,,77,59,78,51,46,54,56,65,62,77,67,85,90,84,59,55
CT,2013,tenroundlimit,implemented,,,77,59,78,51,46,54,56,65,62,77,67,85,90,84,59,55
CT,2013,violent,implemented,,,77,59,78,51,46,54,56,65,62,77,67,85,90,84,59,55
CT,2014,permit,implemented,,77,59,78,51,46,54,56,65,62,77,67,85,90,84,59,55,73
DE,2002,ccbackground,implemented,,,,,,,,,,,,,,18,13,15,23,14
DE,2003,stalking,removal,,,,,,,,,,,,,18,13,15,23,14,17
DE,2007,dvrodating,implemented,,,,,,,,,18,13,15,23,14,17,22,26,24,41
DE,2008,stalking,implemented,,,,,,,,18,13,15,23,14,17,22,26,24,41,32
DE,2013,backgroundpurge,implemented,,,18,13,15,23,14,17,22,26,24,41,32,41,31,38,30,39
DE,2013,gunshow,implemented,,,18,13,15,23,14,17,22,26,24,41,32,41,31,38,30,39
DE,2013,gunshowh,implemented,,,18,13,15,23,14,17,22,26,24,41,32,41,31,38,30,39
DE,2013,loststolen,implemented,,,18,13,15,23,14,17,22,26,24,41,32,41,31,38,30,39
DE,2013,mentalhealth,implemented,,,18,13,15,23,14,17,22,26,24,41,32,41,31,38,30,39
DE,2013,recordsall,implemented,,,18,13,15,23,14,17,22,26,24,41,32,41,31,38,30,39
DE,2013,recordsallh,implemented,,,18,13,15,23,14,17,22,26,24,41,32,41,31,38,30,39
DE,2013,universal,implemented,,,18,13,15,23,14,17,22,26,24,41,32,41,31,38,30,39
DE,2013,universalh,implemented,,,18,13,15,23,14,17,22,26,24,41,32,41,31,38,30,39
DE,2013,universalpermit,implemented,,,18,13,15,23,14,17,22,26,24,41,32,41,31,38,30,39
DE,2013,universalpermith,implemented,,,18,13,15,23,14,17,22,26,24,41,32,41,31,38,30,39
DE,2014,invoutpatient,implemented,,18,13,15,23,14,17,22,26,24,41,32,41,31,38,30,39,53
FL,2001,immunity,removal,,,,,,,,,,,,,,,552,590,602,582
FL,2004,ammrestrict,implemented,,,,,,,,,,,,552,590,602,582,660,647,625
FL,2005,nosyg,removal,,,,,,,,,,,552,590,602,582,660,647,625,800
GA,2006,ccbackgroundnics,implemented,,,,,,,,,,341,340,384,423,414,332,363,424,493
GA,2006,nosyg,removal,,,,,,,,,,341,340,384,423,414,332,363,424,493
GA,2014,college,removal,,341,340,384,423,414,332,363,424,493,449,389,390,380,404,413,441,472
GA,2014,collegeconcealed,removal,,341,340,384,423,414,332,363,424,493,449,389,390,380,404,413,441,472
GA,2014,dealerh,removal,,341,340,384,423,414,332,363,424,493,449,389,390,380,404,413,441,472
GA,2014,elementary,removal,,341,340,384,423,414,332,363,424,493,449,389,390,380,404,413,441,472
GA,2014,recordsdealerh,removal,,341,340,384,423,414,332,363,424,493,449,389,390,380,404,413,441,472
HI,2000,dvrodating,implemented,,,,,,,,,,,,,,,,15,8,11
HI,2000,dvrosurrenderdating,implemented,,,,,,,,,,,,,,,,15,8,11
HI,2000,expartedating,implemented,,,,,,,,,,,,,,,,15,8,11
HI,2000,expartesurrenderdating,implemented,,,,,,,,,,,,,,,,15,8,11
HI,2000,mcdvremovalallowed,implemented,,,,,,,,,,,,,,,,15,8,11
HI,2000,relinquishment,implemented,,,,,,,,,,,,,,,,15,8,11
HI,2006,backgroundpurge,implemented,,,,,,,,,,15,8,11,11,9,7,2,6,7
HI,2006,ccbackground,implemented,,,,,,,,,,15,8,11,11,9,7,2,6,7
HI,2006,ccbackgroundnics,implemented,,,,,,,,,,15,8,11,11,9,7,2,6,7
HI,2006,ccrenewbackground,implemented,,,,,,,,,,15,8,11,11,9,7,2,6,7
HI,2006,statechecks,implemented,,,,,,,,,,15,8,11,11,9,7,2,6,7
HI,2006,statechecksh,implemented,,,,,,,,,,15,8,11,11,9,7,2,6,7
HI,2006,threedaylimit,implemented,,,,,,,,,,15,8,11,11,9,7,2,6,7
HI,2012,incidentremoval,implemented,,,,15,8,11,11,9,7,2,6,7,13,10,7,7,7,6
IA,2010,dvro,implemented,,,,,,26,19,17,26,19,21,20,17,15,26,17,21,21
IA,2010,dvrosurrender,implemented,,,,,,26,19,17,26,19,21,20,17,15,26,17,21,21
IA,2010,mcdv,implemented,,,,,,26,19,17,26,19,21,20,17,15,26,17,21,21
IA,2010,mcdvsurrender,implemented,,,,,,26,19,17,26,19,21,20,17,15,26,17,21,21
IA,2011,ccbackgroundnics,implemented,,,,,26,19,17,26,19,21,20,17,15,26,17,21,21,26
IA,2011,ccrevoke,implemented,,,,,26,19,17,26,19,21,20,17,15,26,17,21,21,26
IA,2011,mayissue,removal,,,,,26,19,17,26,19,21,20,17,15,26,17,21,21,26
ID,2000,elementary,implemented,,,,,,,,,,,,,,,,15,12,19
ID,2008,preemptionbroad,removal,,,,,,,,15,12,19,16,11,18,23,19,25,13,5
ID,2008,preemptionnarrow,removal,,,,,,,,15,12,19,16,11,18,23,19,25,13,5
ID,2015,ccbackgroundnics,implemented,15,12,19,16,11,18,23,19,25,13,5,12,14,17,14,12,23,16
IL,2000,cap14,implemented,,,,,,,,,,,,,,,,459,415,216
IL,2000,capuses,implemented,,,,,,,,,,,,,,,,459,415,216
IL,2000,traffickingprohibited,implemented,,,,,,,,,,,,,,,,459,415,216
IL,2000,traffickingprohibitedh,implemented,,,,,,,,,,,,,,,,459,415,216
IL,2005,gunshow,implemented,,,,,,,,,,,459,415,216,486,482,352,345,397
IL,2005,gunshowh,implemented,,,,,,,,,,,459,415,216,486,482,352,345,397
IL,2006,lockd,implemented,,,,,,,,,,459,415,216,486,482,352,345,397,346
IL,2010,exparte,implemented,,,,,,459,415,216,486,482,352,345,397,346,422,390,358,392
IL,2010,expartedating,implemented,,,,,,459,415,216,486,482,352,345,397,346,422,390,358,392
IL,2010,expartesurrender,implemented,,,,,,459,415,216,486,482,352,345,397,346,422,390,358,392
IL,2010,expartesurrenderdating,implemented,,,,,,459,415,216,486,482,352,345,397,346,422,390,358,392
IL,2010,expartesurrendernoconditions,implemented,,,,,,459,415,216,486,482,352,345,397,346,422,390,358,392
IL,2013,invoutpatient,implemented,,,459,415,216,486,482,352,345,397,346,422,390,358,392,433,370,384
IL,2013,loststolen,implemented,,,459,415,216,486,482,352,345,397,346,422,390,358,392,433,370,384
IL,2013,mayissue,removal,,,459,415,216,486,482,352,345,397,346,422,390,358,392,433,370,384
IL,2013,mcdvsurrender,implemented,,,459,415,216,486,482,352,345,397,346,422,390,358,392,433,370,384
IL,2013,mcdvsurrenderdating,implemented,,,459,415,216,486,482,352,345,397,346,422,390,358,392,433,370,384
IL,2013,opencarryh,removal,,,459,415,216,486,482,352,345,397,346,422,390,358,392,433,370,384
IL,2013,preemption,removal,,,459,415,216,486,482,352,345,397,346,422,390,358,392,433,370,384
IL,2013,preemptionnarrow,removal,,,459,415,216,486,482,352,345,397,346,422,390,358,392,433,370,384
IL,2013,relinquishment,implemented,,,459,415,216,486,482,352,345,397,346,422,390,358,392,433,370,384
IL,2013,showing,removal,,,459,415,216,486,482,352,345,397,346,422,390,358,392,433,370,384
IN,2001,immunity,removal,,,,,,,,,,,,,,,225,194,238,197
IN,2003,mcdv,implemented,,,,,,,,,,,,,225,194,238,197,228,202
IN,2006,gvrolawenforcement,implemented,,,,,,,,,,225,194,238,197,228,202,233,230,228
IN,2006,nosyg,removal,,,,,,,,,,225,194,238,197,228,202,233,230,228
IN,2014,traffickingprohibitedh,implemented,,225,194,238,197,228,202,233,230,228,216,208,201,181,224,263,236,213
KS,2002,immunity,removal,,,,,,,,,,,,,,0,22,40,28,47
KS,2005,preemption,removal,,,,,,,,,,,0,22,40,28,47,41,52,68
KS,2005,preemptionbroad,removal,,,,,,,,,,,0,22,40,28,47,41,52,68
KS,2005,preemptionnarrow,removal,,,,,,,,,,,0,22,40,28,47,41,52,68
KS,2006,alctreatment,implemented,,,,,,,,,,0,22,40,28,47,41,52,68,66
KS,2006,nosyg,removal,,,,,,,,,,0,22,40,28,47,41,52,68,66
KS,2007,ccbackgroundnics,removal,,,,,,,,,0,22,40,28,47,41,52,68,66,58
KS,2007,ccrenewbackground,removal,,,,,,,,,0,22,40,28,47,41,52,68,66,58
KS,2007,mayissue,removal,,,,,,,,,0,22,40,28,47,41,52,68,66,58
KS,2007,showing,removal,,,,,,,,,0,22,40,28,47,41,52,68,66,58
KS,2008,stalking,removal,,,,,,,,0,22,40,28,47,41,52,68,66,58,80
KS,2010,ccrenewbackground,implemented,,,,,,0,22,40,28,47,41,52,68,66,58,80,69,74
KS,2010,danger,implemented,,,,,,0,22,40,28,47,41,52,68,66,58,80,69,74
KS,2010,elementary,removal,,,,,,0,22,40,28,47,41,52,68,66,58,80,69,74
KS,2010,invcommitment,implemented,,,,,,0,22,40,28,47,41,52,68,66,58,80,69,74
KS,2015,ccbackground,removal,0,22,40,28,47,41,52,68,66,58,80,69,74,53,71,57,83,59
KS,2015,ccrenewbackground,removal,0,22,40,28,47,41,52,68,66,58,80,69,74,53,71,57,83,59
KS,2015,ccrevoke,removal,0,22,40,28,47,41,52,68,66,58,80,69,74,53,71,57,83,59
KS,2015,permitconcealed,removal,0,22,40,28,47,41,52,68,66,58,80,69,74,53,71,57,83,59
KY,2006,ccbackgroundnics,implemented,,,,,,,,,,54,48,56,53,56,130,123,96,125
KY,2006,ccrenewbackground,implemented,,,,,,,,,,54,48,56,53,56,130,123,96,125
KY,2006,nosyg,removal,,,,,,,,,,54,48,56,53,56,130,123,96,125
LO,2006,nosyg,removal,,,,,,,,,,317,384,359,430,450,433,323,383,454
LO,2014,ccbackgroundnics,implemented,,317,384,359,430,450,433,323,383,454,311,399,366,389,380,352,341,385
LO,2014,dvro,implemented,,317,384,359,430,450,433,323,383,454,311,399,366,389,380,352,341,385
LO,2014,dvrodating,implemented,,317,384,359,430,450,433,323,383,454,311,399,366,389,380,352,341,385
LO,2014,mcdv,implemented,,317,384,359,430,450,433,323,383,454,311,399,366,389,380,352,341,385
MD,2000,lockd,implemented,,,,,,,,,,,,,,,,315,313,336
MD,2000,microstamp,implemented,,,,,,,,,,,,,,,,315,313,336
MD,2000,personalized,implemented,,,,,,,,,,,,,,,,315,313,336
MD,2002,training,implemented,,,,,,,,,,,,,,315,313,336,350,366
MD,2003,defactoregh,implemented,,,,,,,,,,,,,315,313,336,350,366,388
MD,2003,strawpurchaseh,implemented,,,,,,,,,,,,,315,313,336,350,366,388
MD,2009,dvrosurrender,implemented,,,,,,,315,313,336,350,366,388,424,405,426,375,313,305
MD,2009,dvrosurrendernoconditions,implemented,,,,,,,315,313,336,350,366,388,424,405,426,375,313,305
MD,2011,violent,implemented,,,,,315,313,336,350,366,388,424,405,426,375,313,305,281,298
MD,2013,ammrestrict,implemented,,,315,313,336,350,366,388,424,405,426,375,313,305,281,298,278,226
MD,2013,assault,implemented,,,315,313,336,350,366,388,424,405,426,375,313,305,281,298,278,226
MD,2013,assaultlist,implemented,,,315,313,336,350,366,388,424,405,426,375,313,305,281,298,278,226
MD,2013,assaulttransfer,implemented,,,315,313,336,350,366,388,424,405,426,375,313,305,281,298,278,226
MD,2013,fingerprint,implemented,,,315,313,336,350,366,388,424,405,426,375,313,305,281,298,278,226
MD,2013,tenroundlimit,implemented,,,315,313,336,350,366,388,424,405,426,375,313,305,281,298,278,226
MD,2015,dvrodating,implemented,315,313,336,350,366,388,424,405,426,375,313,305,281,298,278,226,355,364
MD,2015,dvrosurrenderdating,implemented,315,313,336,350,366,388,424,405,426,375,313,305,281,298,278,226,355,364
MD,2015,microstamp,removal,315,313,336,350,366,388,424,405,426,375,313,305,281,298,278,226,355,364
ME,2008,danger,implemented,,,,,,,,15,6,6,8,8,9,8,12,14,13,8
ME,2008,invcommitment,implemented,,,,,,,,15,6,6,8,8,9,8,12,14,13,8
ME,2015,ccrevoke,removal,15,6,6,8,8,9,8,12,14,13,8,14,19,15,16,10,16,13
ME,2015,mcdv,implemented,15,6,6,8,8,9,8,12,14,13,8,14,19,15,16,10,16,13
ME,2015,mcdvdating,implemented,15,6,6,8,8,9,8,12,14,13,8,14,19,15,16,10,16,13
ME,2015,permitconcealed,removal,15,6,6,8,8,9,8,12,14,13,8,14,19,15,16,10,16,13
MI,2000,immunity,removal,,,,,,,,,,,,,,,,476,464,463
MI,2000,lockd,implemented,,,,,,,,,,,,,,,,476,464,463
MI,2001,ccbackgroundnics,removal,,,,,,,,,,,,,,,476,464,463,449
MI,2001,elementary,implemented,,,,,,,,,,,,,,,476,464,463,449
MI,2001,mayissue,removal,,,,,,,,,,,,,,,476,464,463,449
MI,2001,showing,removal,,,,,,,,,,,,,,,476,464,463,449
MI,2006,nosyg,removal,,,,,,,,,,476,464,463,449,429,442,417,467,422
MI,2012,permith,removal,,,,476,464,463,449,429,442,417,467,422,368,424,418,461,525,429
MI,2012,permitlaw,removal,,,,476,464,463,449,429,442,417,467,422,368,424,418,461,525,429
MI,2012,training,removal,,,,476,464,463,449,429,442,417,467,422,368,424,418,461,525,429
MI,2015,ccbackgroundnics,implemented,476,464,463,449,429,442,417,467,422,368,424,418,461,525,429,358,394,429
MN,2003,ccbackgroundnics,implemented,,,,,,,,,,,,,48,63,56,63,72,79
MN,2003,mayissue,removal,,,,,,,,,,,,,48,63,56,63,72,79
MN,2003,showing,removal,,,,,,,,,,,,,48,63,56,63,72,79
MN,2014,dvro,implemented,,48,63,56,63,72,79,69,79,55,59,45,59,44,42,61,52,78
MN,2014,dvrodating,implemented,,48,63,56,63,72,79,69,79,55,59,45,59,44,42,61,52,78
MN,2014,dvroremoval,implemented,,48,63,56,63,72,79,69,79,55,59,45,59,44,42,61,52,78
MN,2014,dvrosurrender,implemented,,48,63,56,63,72,79,69,79,55,59,45,59,44,42,61,52,78
MN,2014,dvrosurrenderdating,implemented,,48,63,56,63,72,79,69,79,55,59,45,59,44,42,61,52,78
MN,2014,dvrosurrendernoconditions,implemented,,48,63,56,63,72,79,69,79,55,59,45,59,44,42,61,52,78
MN,2014,mcdvremovalallowed,implemented,,48,63,56,63,72,79,69,79,55,59,45,59,44,42,61,52,78
MN,2014,mcdvremovalrequired,implemented,,48,63,56,63,72,79,69,79,55,59,45,59,44,42,61,52,78
MN,2015,traffickingprohibited,implemented,48,63,56,63,72,79,69,79,55,59,45,59,44,42,61,52,78,75
MN,2015,traffickingprohibitedh,implemented,48,63,56,63,72,79,69,79,55,59,45,59,44,42,61,52,78,75
MO,2003,ccbackground,removal,,,,,,,,,,,,,213,229,237,229,195,236
MO,2003,ccbackgroundnics,removal,,,,,,,,,,,,,213,229,237,229,195,236
MO,2003,immunity,removal,,,,,,,,,,,,,213,229,237,229,195,236
MO,2003,mayissue,removal,,,,,,,,,,,,,213,229,237,229,195,236
MO,2003,showing,removal,,,,,,,,,,,,,213,229,237,229,195,236
MO,2007,age21handgunsale,removal,,,,,,,,,213,229,237,229,195,236,286,239,268,358
MO,2007,backgroundpurge,removal,,,,,,,,,213,229,237,229,195,236,286,239,268,358
MO,2007,permith,removal,,,,,,,,,213,229,237,229,195,236,286,239,268,358
MO,2007,permitlaw,removal,,,,,,,,,213,229,237,229,195,236,286,239,268,358
MO,2007,threedaylimit,removal,,,,,,,,,213,229,237,229,195,236,286,239,268,358
MO,2007,universalpermith,removal,,,,,,,,,213,229,237,229,195,236,286,239,268,358
MO,2008,ccbackground,implemented,,,,,,,,213,229,237,229,195,236,286,239,268,358,279
MO,2008,felony,implemented,,,,,,,,213,229,237,229,195,236,286,239,268,358,279
MO,2014,ccbackgroundnics,implemented,,213,229,237,229,195,236,286,239,268,358,279,313,280,285,278,317,410
MO,2014,elementary,removal,,213,229,237,229,195,236,286,239,268,358,279,313,280,285,278,317,410
MS,2003,immunity,removal,,,,,,,,,,,,,112,106,128,119,124,125
MS,2006,nosyg,removal,,,,,,,,,,112,106,128,119,124,125,108,119,116
MS,2011,collegeconcealed,removal,,,,,112,106,128,119,124,125,108,119,116,137,109,117,136,130
MS,2011,elementary,removal,,,,,112,106,128,119,124,125,108,119,116,137,109,117,136,130
MS,2013,opencarrypermith,removal,,,112,106,128,119,124,125,108,119,116,137,109,117,136,130,105,121
MS,2015,ccbackground,removal,112,106,128,119,124,125,108,119,116,137,109,117,136,130,105,121,123,126
MS,2015,ccrevoke,removal,112,106,128,119,124,125,108,119,116,137,109,117,136,130,105,121,123,126
MS,2015,permitconcealed,removal,112,106,128,119,124,125,108,119,116,137,109,117,136,130,105,121,123,126
MT,2009,nosyg,removal,,,,,,,5,8,11,5,11,11,6,5,11,11,18,11
NC,2002,immunity,removal,,,,,,,,,,,,,,349,365,316,359,295
NC,2003,dvro,implemented,,,,,,,,,,,,,349,365,316,359,295,276
NC,2003,dvrodating,implemented,,,,,,,,,,,,,349,365,316,359,295,276
NC,2003,dvrosurrender,implemented,,,,,,,,,,,,,349,365,316,359,295,276
NC,2003,dvrosurrenderdating,implemented,,,,,,,,,,,,,349,365,316,359,295,276
NC,2003,dvrosurrendernoconditions,implemented,,,,,,,,,,,,,349,365,316,359,295,276
NC,2003,exparte,implemented,,,,,,,,,,,,,349,365,316,359,295,276
NC,2003,expartedating,implemented,,,,,,,,,,,,,349,365,316,359,295,276
NC,2003,expartesurrender,implemented,,,,,,,,,,,,,349,365,316,359,295,276
NC,2003,expartesurrenderdating,implemented,,,,,,,,,,,,,349,365,316,359,295,276
NC,2003,expartesurrendernoconditions,implemented,,,,,,,,,,,,,349,365,316,359,295,276
NC,2006,ccbackgroundnics,implemented,,,,,,,,,,349,365,316,359,295,276,336,344,343
NC,2011,nosyg,removal,,,,,349,365,316,359,295,276,336,344,343,347,313,274,293,300
NC,2013,ccrevoke,implemented,,,349,365,316,359,295,276,336,344,343,347,313,274,293,300,293,298
ND,2001,immunity,removal,,,,,,,,,,,,,,,3,1,5,2
ND,2011,alctreatment,implemented,,,,,3,1,5,2,4,4,2,1,2,0,3,5,5,2
ND,2013,ccbackgroundnics,implemented,,,3,1,5,2,4,4,2,1,2,0,3,5,5,2,4,6
NE,2004,incidentremoval,implemented,,,,,,,,,,,,7,17,8,8,6,16,6
NE,2007,mayissue,removal,,,,,,,,,7,17,8,8,6,16,6,5,8,9
NE,2007,showing,removal,,,,,,,,,7,17,8,8,6,16,6,5,8,9
NE,2009,mcdv,implemented,,,,,,,7,17,8,8,6,16,6,5,8,9,28,37
NE,2009,mcdvdating,implemented,,,,,,,7,17,8,8,6,16,6,5,8,9,28,37
NE,2009,preemption,removal,,,,,,,7,17,8,8,6,16,6,5,8,9,28,37
NH,2000,cap14,implemented,,,,,,,,,,,,,,,,4,5,7
NH,2000,cap16,implemented,,,,,,,,,,,,,,,,4,5,7
NH,2000,capuses,implemented,,,,,,,,,,,,,,,,4,5,7
NH,2000,dvro,implemented,,,,,,,,,,,,,,,,4,5,7
NH,2000,dvrodating,implemented,,,,,,,,,,,,,,,,4,5,7
NH,2000,dvrosurrender,implemented,,,,,,,,,,,,,,,,4,5,7
NH,2000,dvrosurrenderdating,implemented,,,,,,,,,,,,,,,,4,5,7
NH,2000,dvrosurrendernoconditions,implemented,,,,,,,,,,,,,,,,4,5,7
NH,2003,preemption,removal,,,,,,,,,,,,,4,5,7,9,2,4
NH,2003,preemptionbroad,removal,,,,,,,,,,,,,4,5,7,9,2,4
NH,2003,preemptionnarrow,removal,,,,,,,,,,,,,4,5,7,9,2,4
NH,2004,immunity,removal,,,,,,,,,,,,4,5,7,9,2,4,7
NH,2011,nosyg,removal,,,,,4,5,7,9,2,4,7,3,5,2,4,5,6,9
NJ,2000,lockd,implemented,,,,,,,,,,,,,,,,153,151,181
NJ,2000,lockp,implemented,,,,,,,,,,,,,,,,153,151,181
NJ,2001,age21handgunpossess,implemented,,,,,,,,,,,,,,,153,151,181,193
NJ,2001,age21handgunsale,implemented,,,,,,,,,,,,,,,153,151,181,193
NJ,2002,personalized,implemented,,,,,,,,,,,,,,153,151,181,193,244
NJ,2004,dvro,implemented,,,,,,,,,,,,153,151,181,193,244,245,280
NJ,2004,dvrodating,implemented,,,,,,,,,,,,153,151,181,193,244,245,280
NJ,2004,incidentall,implemented,,,,,,,,,,,,153,151,181,193,244,245,280
NJ,2004,incidentremoval,implemented,,,,,,,,,,,,153,151,181,193,244,245,280
NJ,2004,mcdv,implemented,,,,,,,,,,,,153,151,181,193,244,245,280
NJ,2004,mcdvdating,implemented,,,,,,,,,,,,153,151,181,193,244,245,280
NJ,2008,amm21h,implemented,,,,,,,,153,151,181,193,244,245,280,290,258,237,229
NJ,2008,ammrestrict,implemented,,,,,,,,153,151,181,193,244,245,280,290,258,237,229
NJ,2008,loststolen,implemented,,,,,,,,153,151,181,193,244,245,280,290,258,237,229
NJ,2010,onepermonth,implemented,,,,,,153,151,181,193,244,245,280,290,258,237,229,252,276
NM,2001,ccbackground,removal,,,,,,,,,,,,,,,72,65,48,79
NM,2001,ccbackgroundnics,removal,,,,,,,,,,,,,,,72,65,48,79
NM,2001,ccrenewbackground,removal,,,,,,,,,,,,,,,72,65,48,79
NM,2001,ccrevoke,removal,,,,,,,,,,,,,,,72,65,48,79
NM,2001,mayissue,removal,,,,,,,,,,,,,,,72,65,48,79
NM,2001,showing,removal,,,,,,,,,,,,,,,72,65,48,79
NM,2003,college,implemented,,,,,,,,,,,,,72,65,48,79,55,74
NM,2003,collegeconcealed,implemented,,,,,,,,,,,,,72,65,48,79,55,74
NM,2004,ccbackground,implemented,,,,,,,,,,,,72,65,48,79,55,74,66
NM,2004,ccrenewbackground,implemented,,,,,,,,,,,,72,65,48,79,55,74,66
NM,2004,ccrevoke,implemented,,,,,,,,,,,,72,65,48,79,55,74,66
NV,2003,ammrestrict,implemented,,,,,,,,,,,,,103,87,113,116,114,117
NV,2003,invcommitment,implemented,,,,,,,,,,,,,103,87,113,116,114,117
NV,2003,invoutpatient,implemented,,,,,,,,,,,,,103,87,113,116,114,117
NV,2011,ccbackgroundnics,implemented,,,,,103,87,113,116,114,117,134,142,135,103,102,96,91,80
NV,2011,ccrenewbackground,implemented,,,,,103,87,113,116,114,117,134,142,135,103,102,96,91,80
NV,2011,nosyg,removal,,,,,103,87,113,116,114,117,134,142,135,103,102,96,91,80
NV,2015,danger,implemented,103,87,113,116,114,117,134,142,135,103,102,96,91,80,83,106,126,145
NV,2015,drugmisdemeanor,implemented,103,87,113,116,114,117,134,142,135,103,102,96,91,80,83,106,126,145
NV,2015,dvro,implemented,103,87,113,116,114,117,134,142,135,103,102,96,91,80,83,106,126,145
NV,2015,mcdv,implemented,103,87,113,116,114,117,134,142,135,103,102,96,91,80,83,106,126,145
NY,2000,age21handgunpossess,implemented,,,,,,,,,,,,,,,,512,576,525
NY,2000,age21handgunsale,implemented,,,,,,,,,,,,,,,,512,576,525
NY,2000,amm21h,implemented,,,,,,,,,,,,,,,,512,576,525
NY,2000,assault,implemented,,,,,,,,,,,,,,,,512,576,525
NY,2000,assaultlist,implemented,,,,,,,,,,,,,,,,512,576,525
NY,2000,backgroundpurge,implemented,,,,,,,,,,,,,,,,512,576,525
NY,2000,gunshow,implemented,,,,,,,,,,,,,,,,512,576,525
NY,2000,gunshowh,implemented,,,,,,,,,,,,,,,,512,576,525
NY,2000,lockd,implemented,,,,,,,,,,,,,,,,512,576,525
NY,2000,lockstandards,implemented,,,,,,,,,,,,,,,,512,576,525
NY,2000,loststolen,implemented,,,,,,,,,,,,,,,,512,576,525
NY,2000,magazine,implemented,,,,,,,,,,,,,,,,512,576,525
NY,2000,mentalhealth,implemented,,,,,,,,,,,,,,,,512,576,525
NY,2000,personalized,implemented,,,,,,,,,,,,,,,,512,576,525
NY,2000,tenroundlimit,implemented,,,,,,,,,,,,,,,,512,576,525
NY,2000,traffickingprohibited,implemented,,,,,,,,,,,,,,,,512,576,525
NY,2000,traffickingprohibitedh,implemented,,,,,,,,,,,,,,,,512,576,525
NY,2001,microstamp,implemented,,,,,,,,,,,,,,,512,576,525,528
NY,2002,personalized,removal,,,,,,,,,,,,,,512,576,525,528,553
NY,2008,dvrodating,implemented,,,,,,,,512,576,525,528,553,508,502,413,479,462,449
NY,2008,dvrosurrenderdating,implemented,,,,,,,,512,576,525,528,553,508,502,413,479,462,449
NY,2008,expartedating,implemented,,,,,,,,512,576,525,528,553,508,502,413,479,462,449
NY,2008,expartesurrenderdating,implemented,,,,,,,,512,576,525,528,553,508,502,413,479,462,449
NY,2012,microstamp,removal,,,,512,576,525,528,553,508,502,413,479,462,449,497,426,396,346
NY,2013,assaultregister,implemented,,,512,576,525,528,553,508,502,413,479,462,449,497,426,396,346,336
NY,2013,assaulttransfer,implemented,,,512,576,525,528,553,508,502,413,479,462,449,497,426,396,346,336
NY,2013,magazinepreowned,implemented,,,512,576,525,528,553,508,502,413,479,462,449,497,426,396,346,336
NY,2013,onefeature,implemented,,,512,576,525,528,553,508,502,413,479,462,449,497,426,396,346,336
NY,2013,recordsallh,implemented,,,512,576,525,528,553,508,502,413,479,462,449,497,426,396,346,336
NY,2013,relinquishment,implemented,,,512,576,525,528,553,508,502,413,479,462,449,497,426,396,346,336
NY,2013,universal,implemented,,,512,576,525,528,553,508,502,413,479,462,449,497,426,396,346,336
NY,2013,universalh,implemented,,,512,576,525,528,553,508,502,413,479,462,449,497,426,396,346,336
NY,2013,universalpermit,implemented,,,512,576,525,528,553,508,502,413,479,462,449,497,426,396,346,336
NY,2014,mcdvsurrender,implemented,,512,576,525,528,553,508,502,413,479,462,449,497,426,396,346,336,386
NY,2014,mcdvsurrenderdating,implemented,,512,576,525,528,553,508,502,413,479,462,449,497,426,396,346,336,386
NY,2014,mcdvsurrendernoconditions,implemented,,512,576,525,528,553,508,502,413,479,462,449,497,426,396,346,336,386
OH,2001,immunity,removal,,,,,,,,,,,,,,,203,184,262,292
OH,2004,ccbackgroundnics,removal,,,,,,,,,,,,203,184,262,292,254,238,303
OH,2004,danger,implemented,,,,,,,,,,,,203,184,262,292,254,238,303
OH,2004,invcommitment,implemented,,,,,,,,,,,,203,184,262,292,254,238,303
OH,2004,mayissue,removal,,,,,,,,,,,,203,184,262,292,254,238,303
OH,2004,preemption,removal,,,,,,,,,,,,203,184,262,292,254,238,303
OH,2004,showing,removal,,,,,,,,,,,,203,184,262,292,254,238,303
OH,2007,preemptionbroad,removal,,,,,,,,,203,184,262,292,254,238,303,328,282,292
OH,2007,preemptionnarrow,removal,,,,,,,,,203,184,262,292,254,238,303,328,282,292
OH,2011,drugmisdemeanor,removal,,,,,203,184,262,292,254,238,303,328,282,292,296,301,336,290
OH,2015,ccbackgroundnics,implemented,203,184,262,292,254,238,303,328,282,292,296,301,336,290,306,269,302,425
OK,2006,nosyg,removal,,,,,,,,,,159,117,122,97,141,119,131,136,148
OK,2012,opencarrypermith,implemented,,,,159,117,122,97,141,119,131,136,148,134,136,124,137,160,134
OK,2013,elementary,removal,,,159,117,122,97,141,119,131,136,148,134,136,124,137,160,134,122
OR,2000,backgroundpurge,implemented,,,,,,,,,,,,,,,,45,46,41
OR,2000,gunshow,implemented,,,,,,,,,,,,,,,,45,46,41
OR,2000,gunshowh,implemented,,,,,,,,,,,,,,,,45,46,41
OR,2000,mentalhealth,implemented,,,,,,,,,,,,,,,,45,46,41
OR,2000,recordsdealer,implemented,,,,,,,,,,,,,,,,45,46,41
OR,2000,reportdealer,implemented,,,,,,,,,,,,,,,,45,46,41
OR,2000,statechecks,implemented,,,,,,,,,,,,,,,,45,46,41
OR,2000,statechecksh,implemented,,,,,,,,,,,,,,,,45,46,41
OR,2015,invoutpatient,implemented,45,46,41,39,40,59,56,53,40,41,43,46,50,43,47,47,45,54
OR,2015,recordsall,implemented,45,46,41,39,40,59,56,53,40,41,43,46,50,43,47,47,45,54
OR,2015,recordsallh,implemented,45,46,41,39,40,59,56,53,40,41,43,46,50,43,47,47,45,54
OR,2015,reportall,implemented,45,46,41,39,40,59,56,53,40,41,43,46,50,43,47,47,45,54
OR,2015,reportallh,implemented,45,46,41,39,40,59,56,53,40,41,43,46,50,43,47,47,45,54
OR,2015,universal,implemented,45,46,41,39,40,59,56,53,40,41,43,46,50,43,47,47,45,54
OR,2015,universalh,implemented,45,46,41,39,40,59,56,53,40,41,43,46,50,43,47,47,45,54
OR,2015,universalpermit,implemented,45,46,41,39,40,59,56,53,40,41,43,46,50,43,47,47,45,54
OR,2015,universalpermith,implemented,45,46,41,39,40,59,56,53,40,41,43,46,50,43,47,47,45,54
PA,2000,lockd,implemented,,,,,,,,,,,,,,,,409,424,433
PA,2006,mcdv,implemented,,,,,,,,,,409,424,433,415,435,468,529,578,541
PA,2006,mcdvsurrender,implemented,,,,,,,,,,409,424,433,415,435,468,529,578,541
PA,2006,mcdvsurrendernoconditions,implemented,,,,,,,,,,409,424,433,415,435,468,529,578,541
PA,2008,strawpurchaseh,implemented,,,,,,,,409,424,433,415,435,468,529,578,541,527,496
PA,2011,nosyg,removal,,,,,409,424,433,415,435,468,529,578,541,527,496,473,491,555
RI,2000,lockd,implemented,,,,,,,,,,,,,,,,18,32,18
RI,2014,alcoholism,removal,,18,32,18,26,17,15,16,9,9,18,16,17,11,19,15,13,10
RI,2014,alctreatment,removal,,18,32,18,26,17,15,16,9,9,18,16,17,11,19,15,13,10
SC,2000,immunity,removal,,,,,,,,,,,,,,,,182,179,203
SC,2001,recordsdealerh,implemented,,,,,,,,,,,,,,,182,179,203,197
SC,2004,onepermonth,removal,,,,,,,,,,,,182,179,203,197,192,195,209
SC,2005,recordsdealerh,removal,,,,,,,,,,,182,179,203,197,192,195,209,236
SC,2005,reportdealerh,removal,,,,,,,,,,,182,179,203,197,192,195,209,236
SC,2006,nosyg,removal,,,,,,,,,,182,179,203,197,192,195,209,236,233
SC,2008,age21handgunpossess,removal,,,,,,,,182,179,203,197,192,195,209,236,233,210,199
SC,2008,age21handgunsale,removal,,,,,,,,182,179,203,197,192,195,209,236,233,210,199
SC,2012,dealerh,removal,,,,182,179,203,197,192,195,209,236,233,210,199,191,207,239,207
SC,2012,junkgun,removal,,,,182,179,203,197,192,195,209,236,233,210,199,191,207,239,207
SC,2013,danger,implemented,,,182,179,203,197,192,195,209,236,233,210,199,191,207,239,207,225
SC,2013,invcommitment,implemented,,,182,179,203,197,192,195,209,236,233,210,199,191,207,239,207,225
SD,2002,ccbackground,implemented,,,,,,,,,,,,,,5,1,4,3,4
SD,2005,mcdv,implemented,,,,,,,,,,,5,1,4,3,4,5,6,1
SD,2006,nosyg,removal,,,,,,,,,,5,1,4,3,4,5,6,1,4
SD,2013,elementary,removal,,,5,1,4,3,4,5,6,1,4,10,8,8,8,5,4,8
TN,2007,nosyg,removal,,,,,,,,,246,273,264,282,271,231,298,287,273,248
TN,2008,felony,implemented,,,,,,,,246,273,264,282,271,231,298,287,273,248,300
TN,2009,danger,implemented,,,,,,,246,273,264,282,271,231,298,287,273,248,300,235
TN,2009,dvro,implemented,,,,,,,246,273,264,282,271,231,298,287,273,248,300,235
TN,2009,dvrosurrender,implemented,,,,,,,246,273,264,282,271,231,298,287,273,248,300,235
TN,2009,dvrosurrendernoconditions,implemented,,,,,,,246,273,264,282,271,231,298,287,273,248,300,235
TN,2009,invcommitment,implemented,,,,,,,246,273,264,282,271,231,298,287,273,248,300,235
TN,2009,invoutpatient,implemented,,,,,,,246,273,264,282,271,231,298,287,273,248,300,235
TN,2009,mcdv,implemented,,,,,,,246,273,264,282,271,231,298,287,273,248,300,235
TN,2009,mcdvsurrender,implemented,,,,,,,246,273,264,282,271,231,298,287,273,248,300,235
TN,2009,mcdvsurrendernoconditions,implemented,,,,,,,246,273,264,282,271,231,298,287,273,248,300,235
TX,2001,dvro,implemented,,,,,,,,,,,,,,,727,760,805,809
TX,2001,dvrodating,implemented,,,,,,,,,,,,,,,727,760,805,809
TX,2001,mcdv,implemented,,,,,,,,,,,,,,,727,760,805,809
TX,2007,nosyg,removal,,,,,,,,,727,760,805,809,881,877,933,961,986,936
TX,2008,exparte,implemented,,,,,,,,727,760,805,809,881,877,933,961,986,936,920
TX,2008,expartedating,implemented,,,,,,,,727,760,805,809,881,877,933,961,986,936,920
TX,2009,ccrevoke,implemented,,,,,,,727,760,805,809,881,877,933,961,986,936,920,859
UT,2000,immunity,removal,,,,,,,,,,,,,,,,30,17,37
UT,2002,college,removal,,,,,,,,,,,,,,30,17,37,31,28
VA,2000,immunity,removal,,,,,,,,,,,,,,,,239,248,215
VA,2004,dealerh,removal,,,,,,,,,,,,239,248,215,246,267,238,298
VA,2004,permith,removal,,,,,,,,,,,,239,248,215,246,267,238,298
VA,2008,invoutpatient,implemented,,,,,,,,239,248,215,246,267,238,298,248,251,232,239
VA,2012,onepermonth,removal,,,,239,248,215,246,267,238,298,248,251,232,239,241,203,209,221
VT,2015,mcdv,implemented,8,4,3,4,4,3,6,7,8,9,0,2,5,3,6,5,7,5
VT,2015,mcdvdating,implemented,8,4,3,4,4,3,6,7,8,9,0,2,5,3,6,5,7,5
VT,2015,stalking,implemented,8,4,3,4,4,3,6,7,8,9,0,2,5,3,6,5,7,5
WA,2011,ccbackgroundnics,implemented,,,,,89,108,104,102,97,114,130,111,103,115,109,106,94,109
WA,2014,backgroundpurge,implemented,,89,108,104,102,97,114,130,111,103,115,109,106,94,109,107,111,136
WA,2014,defactoregh,implemented,,89,108,104,102,97,114,130,111,103,115,109,106,94,109,107,111,136
WA,2014,gunshow,implemented,,89,108,104,102,97,114,130,111,103,115,109,106,94,109,107,111,136
WA,2014,gunshowh,implemented,,89,108,104,102,97,114,130,111,103,115,109,106,94,109,107,111,136
WA,2014,mentalhealth,implemented,,89,108,104,102,97,114,130,111,103,115,109,106,94,109,107,111,136
WA,2014,permith,implemented,,89,108,104,102,97,114,130,111,103,115,109,106,94,109,107,111,136
WA,2014,permitlaw,implemented,,89,108,104,102,97,114,130,111,103,115,109,106,94,109,107,111,136
WA,2014,recordsallh,implemented,,89,108,104,102,97,114,130,111,103,115,109,106,94,109,107,111,136
WA,2014,reportallh,implemented,,89,108,104,102,97,114,130,111,103,115,109,106,94,109,107,111,136
WA,2014,statechecks,implemented,,89,108,104,102,97,114,130,111,103,115,109,106,94,109,107,111,136
WA,2014,statechecksh,implemented,,89,108,104,102,97,114,130,111,103,115,109,106,94,109,107,111,136
WA,2014,threedaylimit,implemented,,89,108,104,102,97,114,130,111,103,115,109,106,94,109,107,111,136
WA,2014,universal,implemented,,89,108,104,102,97,114,130,111,103,115,109,106,94,109,107,111,136
WA,2014,universalh,implemented,,89,108,104,102,97,114,130,111,103,115,109,106,94,109,107,111,136
WA,2014,universalpermit,implemented,,89,108,104,102,97,114,130,111,103,115,109,106,94,109,107,111,136
WA,2014,universalpermith,implemented,,89,108,104,102,97,114,130,111,103,115,109,106,94,109,107,111,136
WI,2002,dvrodating,implemented,,,,,,,,,,,,,,131,113,115,112,129
WI,2002,dvrosurrenderdating,implemented,,,,,,,,,,,,,,131,113,115,112,129
WI,2002,stalking,implemented,,,,,,,,,,,,,,131,113,115,112,129
WI,2010,alctreatment,implemented,,,,,,131,113,115,112,129,99,146,100,119,87,95,103,82
WI,2010,danger,implemented,,,,,,131,113,115,112,129,99,146,100,119,87,95,103,82
WI,2011,mayissue,removal,,,,,131,113,115,112,129,99,146,100,119,87,95,103,82,109
WI,2011,showing,removal,,,,,131,113,115,112,129,99,146,100,119,87,95,103,82,109
WI,2015,waitingh,removal,131,113,115,112,129,99,146,100,119,87,95,103,82,109,117,125,169,187
WV,2000,dvro,implemented,,,,,,,,,,,,,,,,46,39,19
WV,2000,dvrodating,implemented,,,,,,,,,,,,,,,,46,39,19
WV,2000,mcdv,implemented,,,,,,,,,,,,,,,,46,39,19
WV,2000,mcdvdating,implemented,,,,,,,,,,,,,,,,46,39,19
WV,2000,violentpartial,implemented,,,,,,,,,,,,,,,,46,39,19
WV,2001,exparte,implemented,,,,,,,,,,,,,,,46,39,19,43
WV,2001,expartedating,implemented,,,,,,,,,,,,,,,46,39,19,43
WV,2003,immunity,removal,,,,,,,,,,,,,46,39,19,43,33,36
WV,2008,nosyg,removal,,,,,,,,46,39,19,43,33,36,38,35,34,31,35
WV,2010,age18longgunsale,implemented,,,,,,46,39,19,43,33,36,38,35,34,31,35,27,40
WV,2010,age21handgunsale,implemented,,,,,,46,39,19,43,33,36,38,35,34,31,35,27,40
WV,2010,amm18,implemented,,,,,,46,39,19,43,33,36,38,35,34,31,35,27,40
WV,2010,amm21h,implemented,,,,,,46,39,19,43,33,36,38,35,34,31,35,27,40
WV,2012,ccbackgroundnics,implemented,,,,46,39,19,43,33,36,38,35,34,31,35,27,40,41,30
WV,2012,ccrenewbackground,implemented,,,,46,39,19,43,33,36,38,35,34,31,35,27,40,41,30
WY,2010,age18longgunsale,implemented,,,,,,3,5,6,7,9,4,9,5,8,4,6,5,8
WY,2010,age21handgunsale,implemented,,,,,,3,5,6,7,9,4,9,5,8,4,6,5,8
WY,2010,felony,implemented,,,,,,3,5,6,7,9,4,9,5,8,4,6,5,8
WY,2011,ccbackground,removal,,,,,3,5,6,7,9,4,9,5,8,4,6,5,8,7
WY,2011,ccrenewbackground,removal,,,,,3,5,6,7,9,4,9,5,8,4,6,5,8,7
WY,2011,ccrevoke,removal,,,,,3,5,6,7,9,4,9,5,8,4,6,5,8,7
WY,2011,permitconcealed,removal,,,,,3,5,6,7,9,4,9,5,8,4,6,5,8,7
